project,role,source,output
herbaris,publish-primary,herbaris/packaging/preview/herbaris3460 3.jpg,assets/work-new/herbaris/story/01-herbaris3460-3.webp
herbaris,publish-supporting,herbaris/packaging/preview/herbaris0001 1.jpg,assets/work-new/herbaris/story/02-herbaris0001-1.webp
herbaris,publish-supporting,herbaris/packaging/preview/herbaris3334 1.jpg,assets/work-new/herbaris/story/03-herbaris3334-1.webp
herbaris,publish-supporting,herbaris/packaging/preview/herbaris3433 1 1.jpg,assets/work-new/herbaris/story/04-herbaris3433-1-1.webp
herbaris,publish-supporting,herbaris/packaging/preview/herbaris3503 1.jpg,assets/work-new/herbaris/story/05-herbaris3503-1.webp
herbaris,publish-supporting,herbaris/evergreen/website/1440w light.jpg,assets/work-new/herbaris/story/06-1440w-light.webp
herbaris,publish-supporting,herbaris/evergreen/website/390w light.jpg,assets/work-new/herbaris/story/07-390w-light.webp
herbaris,publish-supporting,herbaris/evergreen/ads/Animal Care Top Funnel/1080x1080.png,assets/work-new/herbaris/story/08-1080x1080.webp
herbaris,publish-supporting,herbaris/evergreen/ads/Animal Middle Funnel Gif 1/1080 X 1080/1080x1080 same animals gif-2.mp4,assets/work-new/herbaris/motion/09-1080x1080-same-animals-gif-2.mp4
herbaris,publish-supporting,herbaris/evergreen/ads/Don_t buy this product/1080x1080 kit big.png,assets/work-new/herbaris/story/10-1080x1080-kit-big.webp
herbaris,publish-supporting,herbaris/evergreen/ads/GPT/1080x1080 detergents.png,assets/work-new/herbaris/story/11-1080x1080-detergents.webp
herbaris,publish-supporting,herbaris/evergreen/ads/Lavanda/1080x1080 5000.png,assets/work-new/herbaris/story/12-1080x1080-5000.webp
herbaris,publish-supporting,herbaris/evergreen/ads/Reviews Ads/1080x1080 colored.png,assets/work-new/herbaris/story/13-1080x1080-colored.webp
cdl,publish-primary,cdl/Sixth Wave/verify/desktop.webp,assets/work-new/cdl/story/01-desktop.webp
cdl,publish-supporting,cdl/snus/Behance materials/02.png,assets/work-new/cdl/story/02-02.webp
cdl,publish-supporting,cdl/snus/Behance materials/04.png,assets/work-new/cdl/story/03-04.webp
cdl,publish-supporting,cdl/snus/Behance materials/05.png,assets/work-new/cdl/story/04-05.webp
cdl,publish-supporting,cdl/snus/Behance materials/aa7d52230556026.687cb4dc37b5c.gif,assets/work-new/cdl/motion/05-aa7d52230556026.687cb4dc37b5c.gif
cdl,publish-supporting,cdl/snus/Behance materials/706edd230556026.687b6198725a3.gif,assets/work-new/cdl/motion/06-706edd230556026.687b6198725a3.gif
cdl,publish-supporting,cdl/Black Cobra/Background+Shadow.png,assets/work-new/cdl/story/07-background+shadow.webp
klintensiv,publish-primary,klintensiv/ads/General Ads Refresh-20260912T102916Z-1-001/General Ads Refresh/finals/creative/videos/1080x1080/(1080x1080) concept 3 - general-category-ad-instruments.mp4,assets/work-new/klintensiv/motion/01-(1080x1080)-concept-3---general-category-ad-instruments.mp4
klintensiv,publish-supporting,klintensiv/ads/General Ads Refresh-20260912T102916Z-1-001/General Ads Refresh/finals/creative/videos/1080x1080/(1080x1080) concept 3 - general-category-ad-nebuliser.mp4,assets/work-new/klintensiv/motion/02-(1080x1080)-concept-3---general-category-ad-nebuliser.mp4
klintensiv,publish-supporting,klintensiv/ads/General Ads Refresh-20260912T102916Z-1-001/General Ads Refresh/finals/creative/videos/1080x1080/(1080x1080) concept 3 - general-category-ad-soaps.mp4,assets/work-new/klintensiv/motion/03-(1080x1080)-concept-3---general-category-ad-soaps.mp4
klintensiv,publish-supporting,klintensiv/ads/General Ads Refresh-20260912T102916Z-1-001/General Ads Refresh/finals/creative/videos/1080x1080/(1080x1080) concept 3 - general-category-ad-surfaces.mp4,assets/work-new/klintensiv/motion/04-(1080x1080)-concept-3---general-category-ad-surfaces.mp4
klintensiv,publish-supporting,klintensiv/ads/General Ads Refresh-20260912T102916Z-1-001/General Ads Refresh/finals/creative/videos/1200x628/(1200x628) concept 3 - general-category-ad-instruments.mp4,assets/work-new/klintensiv/motion/05-(1200x628)-concept-3---general-category-ad-instruments.mp4
klintensiv,publish-supporting,klintensiv/ads/General Ads Refresh-20260912T102916Z-1-001/General Ads Refresh/finals/creative/static/1200x628/(1200x628) concept 3 - general-category-ad-instruments.png,assets/work-new/klintensiv/story/06-(1200x628)-concept-3---general-category-ad-instruments.webp
klintensiv,publish-supporting,klintensiv/ads/General Ads Refresh-20260912T102916Z-1-001/General Ads Refresh/finals/creative/static/1200x628/(1200x628) concept 3 - general-category-ad-nebuliser-1.png,assets/work-new/klintensiv/story/07-(1200x628)-concept-3---general-category-ad-nebuliser-1.webp
klintensiv,publish-supporting,klintensiv/ads/General Ads Refresh-20260912T102916Z-1-001/General Ads Refresh/finals/creative/static/1200x628/(1200x628) concept 3 - general-category-ad-soaps.png,assets/work-new/klintensiv/story/08-(1200x628)-concept-3---general-category-ad-soaps.webp
klintensiv,publish-supporting,klintensiv/ads/General Ads Refresh-20260912T102916Z-1-001/General Ads Refresh/finals/creative/static/1200x628/(1200x628) concept 3 - general-category-ad-surfaces.png,assets/work-new/klintensiv/story/09-(1200x628)-concept-3---general-category-ad-surfaces.webp
klintensiv,publish-supporting,klintensiv/ads/General Ads Refresh-20260912T102916Z-1-001/General Ads Refresh/finals/creative/static/1080x1080/(1080x1080) concept 3 - general-category-ad-instruments.png,assets/work-new/klintensiv/story/10-(1080x1080)-concept-3---general-category-ad-instruments.webp
klintensiv,publish-supporting,klintensiv/ads/General Ads Refresh-20260912T102916Z-1-001/General Ads Refresh/finals/creative/static/1080x1080/(1080x1080) concept 3 - general-category-ad-nebuliser.png,assets/work-new/klintensiv/story/11-(1080x1080)-concept-3---general-category-ad-nebuliser.webp
klintensiv,publish-supporting,klintensiv/ads/General Ads Refresh-20260912T102916Z-1-001/General Ads Refresh/finals/creative/static/1080x1080/(1080x1080) concept 3 - general-category-ad-soaps.png,assets/work-new/klintensiv/story/12-(1080x1080)-concept-3---general-category-ad-soaps.webp
klintensiv,publish-supporting,klintensiv/ads/General Ads Refresh-20260912T102916Z-1-001/General Ads Refresh/finals/creative/static/1080x1080/(1080x1080) concept 3 - general-category-ad-surfaces.png,assets/work-new/klintensiv/story/13-(1080x1080)-concept-3---general-category-ad-surfaces.webp
klintensiv,publish-supporting,klintensiv/ads/General Ads Refresh-20260912T102916Z-1-001/General Ads Refresh/finals/creative/static/1080x1920/(1080x1920) concept 3 - general-category-ad-instruments.png,assets/work-new/klintensiv/story/14-(1080x1920)-concept-3---general-category-ad-instruments.webp
klintensiv,publish-supporting,klintensiv/ads/General Ads Refresh-20260912T102916Z-1-001/General Ads Refresh/finals/creative/static/1080x1920/(1080x1920) concept 3 - general-category-ad-nebuliser.png,assets/work-new/klintensiv/story/15-(1080x1920)-concept-3---general-category-ad-nebuliser.webp
klintensiv,publish-supporting,klintensiv/ads/General Ads Refresh-20260912T102916Z-1-001/General Ads Refresh/finals/creative/static/1080x1920/(1080x1920) concept 3 - general-category-ad-soaps.png,assets/work-new/klintensiv/story/16-(1080x1920)-concept-3---general-category-ad-soaps.webp
klintensiv,publish-supporting,klintensiv/ads/General Ads Refresh-20260912T102916Z-1-001/General Ads Refresh/finals/creative/static/1080x1920/(1080x1920) concept 3 - general-category-ad-surfaces.png,assets/work-new/klintensiv/story/17-(1080x1920)-concept-3---general-category-ad-surfaces.webp
klintensiv,publish-supporting,klintensiv/newsletters/Here is a gift for You-1.jpg,assets/work-new/klintensiv/story/18-here-is-a-gift-for-you-1.webp
klintensiv,publish-supporting,klintensiv/newsletters/Here is a gift for You-2.jpg,assets/work-new/klintensiv/story/19-here-is-a-gift-for-you-2.webp
klintensiv,publish-supporting,klintensiv/newsletters/Here is a gift for You.jpg,assets/work-new/klintensiv/story/20-here-is-a-gift-for-you.webp
elite-homes,publish-primary,Elite Homes/behance/b3d963230818803.687e2a3e3734a.gif,assets/work-new/elite-homes/motion/01-b3d963230818803.687e2a3e3734a.gif
elite-homes,publish-supporting,Elite Homes/behance/4cb685230818803.687e385f49185.png,assets/work-new/elite-homes/story/02-4cb685230818803.687e385f49185.webp
elite-homes,publish-supporting,Elite Homes/behance/c63635230818803.687e385f4c162.png,assets/work-new/elite-homes/story/03-c63635230818803.687e385f4c162.webp
elite-homes,publish-supporting,Elite Homes/behance/a81617230818803.687e385f4579a.png,assets/work-new/elite-homes/story/04-a81617230818803.687e385f4579a.webp
elite-homes,publish-supporting,Elite Homes/behance/12a0ff230818803.687e385f4aea5.gif,assets/work-new/elite-homes/motion/05-12a0ff230818803.687e385f4aea5.gif
elite-homes,publish-supporting,Elite Homes/website/Listings Page/Desktop.jpg,assets/work-new/elite-homes/story/06-desktop.webp
elite-homes,publish-supporting,Elite Homes/website/Apartment Details Page/Desktop.jpg,assets/work-new/elite-homes/story/07-desktop.webp
elite-homes,publish-supporting,Elite Homes/website/Confirm and Pay/Desktop.jpg,assets/work-new/elite-homes/story/08-desktop.webp
elite-homes,publish-supporting,Elite Homes/website/Thank You/Desktop.jpg,assets/work-new/elite-homes/story/09-desktop.webp
capodopera,publish-primary,capodopera/website/banners/desktop-accessories-woman-banner.jpg,assets/work-new/capodopera/story/01-desktop-accessories-woman-banner.webp
capodopera,publish-supporting,capodopera/website/home page/1440w light.jpg,assets/work-new/capodopera/story/02-1440w-light.webp
capodopera,publish-supporting,capodopera/website/man's collection/1440w light.jpg,assets/work-new/capodopera/story/03-1440w-light.webp
capodopera,publish-supporting,capodopera/website/product page/1440w light.jpg,assets/work-new/capodopera/story/04-1440w-light.webp
capodopera,publish-supporting,capodopera/ads/1200 x 1200 px (Google).jpg,assets/work-new/capodopera/story/05-1200-x-1200-px-(google).webp
capodopera,publish-supporting,capodopera/ads/2. 1200 x 1200 px (Google).jpg,assets/work-new/capodopera/story/06-2.-1200-x-1200-px-(google).webp
capodopera,publish-supporting,capodopera/ads/3. 1200 x 1200 px (Google).jpg,assets/work-new/capodopera/story/07-3.-1200-x-1200-px-(google).webp
capodopera,publish-supporting,capodopera/ads/4. 1200 x 1200 px (Google).jpg,assets/work-new/capodopera/story/08-4.-1200-x-1200-px-(google).webp
capodopera,publish-archive,capodopera/newsletters/black friday/72h.jpg,assets/work-new/capodopera/archive/09-72h.webp
capodopera,publish-archive,capodopera/newsletters/black friday/brand.jpg,assets/work-new/capodopera/archive/10-brand.webp
capodopera,publish-archive,capodopera/newsletters/black friday/Caps Email (01).jpg,assets/work-new/capodopera/archive/11-caps-email-(01).webp
capodopera,publish-archive,capodopera/newsletters/black friday/final day.jpg,assets/work-new/capodopera/archive/12-final-day.webp
capodopera,publish-archive,capodopera/newsletters/black friday/fire day lounch.jpg,assets/work-new/capodopera/archive/13-fire-day-lounch.webp
capodopera,publish-archive,capodopera/newsletters/black friday/Hottest Seller (02).jpg,assets/work-new/capodopera/archive/14-hottest-seller-(02).webp
capodopera,publish-archive,capodopera/newsletters/black friday/hottest sellers.jpg,assets/work-new/capodopera/archive/15-hottest-sellers.webp
capodopera,publish-archive,capodopera/newsletters/black friday/last chnace.jpg,assets/work-new/capodopera/archive/16-last-chnace.webp
capodopera,publish-archive,capodopera/newsletters/christmass/Cards Email 4.jpg,assets/work-new/capodopera/archive/17-cards-email-4.webp
capodopera,publish-archive,capodopera/newsletters/christmass/Gifts for her email 3.jpg,assets/work-new/capodopera/archive/18-gifts-for-her-email-3.webp
capodopera,publish-archive,capodopera/newsletters/christmass/new in email 9.jpg,assets/work-new/capodopera/archive/19-new-in-email-9.webp
capodopera,publish-archive,capodopera/newsletters/christmass/New Year Email 1.jpg,assets/work-new/capodopera/archive/20-new-year-email-1.webp
capodopera,publish-archive,capodopera/newsletters/christmass/Shop before Christmas E1.jpg,assets/work-new/capodopera/archive/21-shop-before-christmas-e1.webp
capodopera,publish-archive,capodopera/newsletters/christmass/The holiday gift guide..jpg,assets/work-new/capodopera/archive/22-the-holiday-gift-guide..webp
capodopera,publish-archive,capodopera/newsletters/christmass/Welcome Christmas email 4.jpg,assets/work-new/capodopera/archive/23-welcome-christmas-email-4.webp
capodopera,publish-archive,capodopera/newsletters/general/Frame 2147226068.jpg,assets/work-new/capodopera/archive/24-frame-2147226068.webp
capodopera,publish-archive,capodopera/newsletters/general/Frame 2147226106.jpg,assets/work-new/capodopera/archive/25-frame-2147226106.webp
capodopera,publish-archive,capodopera/newsletters/general/matching sets-1.jpg,assets/work-new/capodopera/archive/26-matching-sets-1.webp
capodopera,publish-archive,capodopera/newsletters/general/matching sets.jpg,assets/work-new/capodopera/archive/27-matching-sets.webp
capodopera,publish-archive,capodopera/newsletters/general/What to wear this week_-1.jpg,assets/work-new/capodopera/archive/28-what-to-wear-this-week--1.webp
capodopera,publish-archive,capodopera/newsletters/general/What to wear this week_.jpg,assets/work-new/capodopera/archive/29-what-to-wear-this-week-.webp
capodopera,publish-archive,capodopera/newsletters/valentines day/13th feb Valentine email.jpg,assets/work-new/capodopera/archive/30-13th-feb-valentine-email.webp
capodopera,publish-archive,capodopera/newsletters/valentines day/9th Feb _ 2nd Valentine email.jpg,assets/work-new/capodopera/archive/31-9th-feb---2nd-valentine-email.webp
capodopera,publish-archive,capodopera/newsletters/valentines day/first Valentine email.jpg,assets/work-new/capodopera/archive/32-first-valentine-email.webp
capodopera,publish-archive,capodopera/newsletters/valentines day/NEW IN 12TH FEB.jpg,assets/work-new/capodopera/archive/33-new-in-12th-feb.webp
intergasses,publish-primary,intergasses/graphics/18.png,assets/work-new/intergasses/story/01-18.webp
intergasses,publish-supporting,intergasses/graphics/02.png,assets/work-new/intergasses/story/02-02.webp
intergasses,publish-supporting,intergasses/graphics/04.png,assets/work-new/intergasses/story/03-04.webp
intergasses,publish-supporting,intergasses/graphics/06.png,assets/work-new/intergasses/story/04-06.webp
intergasses,publish-supporting,intergasses/graphics/08.png,assets/work-new/intergasses/story/05-08.webp
intergasses,publish-supporting,intergasses/graphics/09.png,assets/work-new/intergasses/story/06-09.webp
intergasses,publish-supporting,intergasses/Website/E-commerce Pages/Cart Preview.jpg,assets/work-new/intergasses/story/07-cart-preview.webp
intergasses,publish-supporting,intergasses/Website/E-commerce Pages/Shopping Cart.jpg,assets/work-new/intergasses/story/08-shopping-cart.webp
intergasses,publish-supporting,intergasses/Website/E-commerce Pages/Checkout.jpg,assets/work-new/intergasses/story/09-checkout.webp
intergasses,publish-supporting,intergasses/Website/E-commerce Pages/Order Complete.jpg,assets/work-new/intergasses/story/10-order-complete.webp
ark-development,publish-primary,ark-development/2d242d240080927.69372fb272f79.gif,assets/work-new/ark-development/motion/01-2d242d240080927.69372fb272f79.gif
ark-development,publish-supporting,ark-development/4bfe9c240080927.69372fb27ddb3.gif,assets/work-new/ark-development/motion/02-4bfe9c240080927.69372fb27ddb3.gif
ark-development,publish-supporting,ark-development/1fb3b6240080927.69372fb27f967.png,assets/work-new/ark-development/story/03-1fb3b6240080927.69372fb27f967.webp
ark-development,publish-supporting,ark-development/2585dd240080927.69372fb27eaa5.png,assets/work-new/ark-development/story/04-2585dd240080927.69372fb27eaa5.webp
ark-development,publish-supporting,ark-development/483a85240080927.69372fb27c92b.png,assets/work-new/ark-development/story/05-483a85240080927.69372fb27c92b.webp
ark-development,publish-supporting,ark-development/8cb9f1240080927.69372fb279f41.png,assets/work-new/ark-development/story/06-8cb9f1240080927.69372fb279f41.webp
ark-development,publish-supporting,ark-development/9ed0e4240080927.69372fb27f245.png,assets/work-new/ark-development/story/07-9ed0e4240080927.69372fb27f245.webp
core-leaf,publish-primary,core-leaf/packaging/e55fdd230794151.687dd3a898fd4.gif,assets/work-new/core-leaf/motion/01-e55fdd230794151.687dd3a898fd4.gif
core-leaf,publish-supporting,core-leaf/packaging/74a12f230794151.687dd3a8a0b05.png,assets/work-new/core-leaf/story/02-74a12f230794151.687dd3a8a0b05.webp
core-leaf,publish-supporting,core-leaf/branding/948412231042063.6881cb48c17b4.png,assets/work-new/core-leaf/story/03-948412231042063.6881cb48c17b4.webp
core-leaf,publish-supporting,core-leaf/packaging/d086b1230794151.687dd3a895d11.png,assets/work-new/core-leaf/story/04-d086b1230794151.687dd3a895d11.webp
core-leaf,publish-supporting,core-leaf/packaging/4af756230794151.687dd3a89ba27.png,assets/work-new/core-leaf/story/05-4af756230794151.687dd3a89ba27.webp
core-leaf,publish-supporting,core-leaf/branding/624fa5231042063.6881cb48c7ef7.png,assets/work-new/core-leaf/story/06-624fa5231042063.6881cb48c7ef7.webp
core-leaf,publish-supporting,core-leaf/branding/82dc75231042063.6881cb48c578b.png,assets/work-new/core-leaf/story/07-82dc75231042063.6881cb48c578b.webp
BioC,publish-primary,BioC/1._poster-gif.gif,assets/work-new/bioc/motion/01-1.-poster-gif.gif
BioC,publish-supporting,BioC/7. business-card.jpg,assets/work-new/bioc/story/02-7.-business-card.webp
BioC,publish-supporting,BioC/9. helmet.jpg,assets/work-new/bioc/story/03-9.-helmet.webp
BioC,publish-supporting,BioC/15. bilboard.jpg,assets/work-new/bioc/story/04-15.-bilboard.webp
BioC,publish-supporting,BioC/16. posters-on-the-wall.jpg,assets/work-new/bioc/story/05-16.-posters-on-the-wall.webp
BioC,publish-supporting,BioC/20._container.gif,assets/work-new/bioc/motion/06-20.-container.gif
BioC,publish-supporting,BioC/18. social-media-posts.jpg,assets/work-new/bioc/story/07-18.-social-media-posts.webp
medicaM3,publish-primary,medicaM3/website banners/Website Banners July 9/04. Kerr Partner/kerr-mobile.jpg,assets/work-new/medicam3/story/01-kerr-mobile.webp
medicaM3,publish-supporting,medicaM3/website banners/Website Banners July 9/01. Summer Sale/mobile.jpg,assets/work-new/medicam3/story/02-mobile.webp
medicaM3,publish-supporting,medicaM3/website banners/Website Banners July 9/02. NoGag/no-gag-mobile(1).jpg,assets/work-new/medicam3/story/03-no-gag-mobile(1).webp
medicaM3,publish-supporting,medicaM3/website banners/Website Banners July 9/05. Equipment/equipment-mobile.jpg,assets/work-new/medicam3/story/04-equipment-mobile.webp
medicaM3,publish-supporting,medicaM3/landing page/dektop.jpg,assets/work-new/medicam3/story/05-dektop.webp
medicaM3,publish-supporting,medicaM3/landing page/mobile.jpg,assets/work-new/medicam3/story/06-mobile.webp
comod,publish-primary,comod/2cde82240079087.6937269f6d426.gif,assets/work-new/comod/motion/01-2cde82240079087.6937269f6d426.gif
comod,publish-supporting,comod/f1ca09240079087.6937269f6ad06.gif,assets/work-new/comod/motion/02-f1ca09240079087.6937269f6ad06.gif
comod,publish-supporting,comod/3965bc240079087.6937269f6b498.png,assets/work-new/comod/story/03-3965bc240079087.6937269f6b498.webp
comod,publish-supporting,comod/website/home/1440w default.jpg,assets/work-new/comod/story/04-1440w-default.webp
comod,publish-supporting,comod/website/collection/1440w default.jpg,assets/work-new/comod/story/05-1440w-default.webp
comod,publish-supporting,comod/website/product page/1440w default.jpg,assets/work-new/comod/story/06-1440w-default.webp
Chariot,publish-primary,Chariot/flows/cart abandoned flow 2 A.jpg,assets/work-new/chariot/story/01-cart-abandoned-flow-2-a.webp
Chariot,publish-supporting,Chariot/flows/General Welcome flow 2.jpg,assets/work-new/chariot/story/02-general-welcome-flow-2.webp
Chariot,publish-supporting,Chariot/flows/Browse abandoned flow 1 B.jpg,assets/work-new/chariot/story/03-browse-abandoned-flow-1-b.webp
Chariot,publish-supporting,Chariot/campaign/HOLIDAY GIFT EMAIL.jpg,assets/work-new/chariot/story/04-holiday-gift-email.webp
Chariot,publish-supporting,Chariot/campaign/New Arrivals Email 7.jpg,assets/work-new/chariot/story/05-new-arrivals-email-7.webp
etic,publish-primary,etic/website pitch/product/Product Page - Desktop.jpg,assets/work-new/etic/story/01-product-page---desktop.webp
etic,publish-supporting,etic/website pitch/product/Product Page - Mobile.jpg,assets/work-new/etic/story/02-product-page---mobile.webp
etic,publish-supporting,etic/website pitch/collection/Collection - Desktop.jpg,assets/work-new/etic/story/03-collection---desktop.webp
etic,publish-supporting,etic/website pitch/collection/Collection - Mobile.jpg,assets/work-new/etic/story/04-collection---mobile.webp
etic,publish-supporting,etic/newsletters/Welcome Newsletter.jpg,assets/work-new/etic/story/05-welcome-newsletter.webp
etic,publish-supporting,etic/newsletters/Cart Abandoned 1.jpg,assets/work-new/etic/story/06-cart-abandoned-1.webp
etic,publish-supporting,etic/newsletters/Browse Abandoned 2.jpg,assets/work-new/etic/story/07-browse-abandoned-2.webp
emma-red-estate,publish-primary,emma-red-estate/behance/01.gif,assets/work-new/emma-red-estate/motion/01-01.gif
emma-red-estate,publish-supporting,emma-red-estate/behance/14.png,assets/work-new/emma-red-estate/story/02-14.webp
emma-red-estate,publish-supporting,emma-red-estate/behance/04.png,assets/work-new/emma-red-estate/story/03-04.webp
emma-red-estate,publish-supporting,emma-red-estate/behance/05.png,assets/work-new/emma-red-estate/story/04-05.webp
emma-red-estate,publish-supporting,emma-red-estate/behance/08.png,assets/work-new/emma-red-estate/story/05-08.webp
emma-red-estate,publish-supporting,emma-red-estate/behance/10.png,assets/work-new/emma-red-estate/story/06-10.webp
emma-red-estate,publish-supporting,emma-red-estate/behance/13.png,assets/work-new/emma-red-estate/story/07-13.webp
like coffee,publish-primary,like coffee/1cf0b5198377833.665862f7a8696.gif,assets/work-new/like-coffee/motion/01-1cf0b5198377833.665862f7a8696.gif
like coffee,publish-supporting,like coffee/d304ab198377833.665862f7a7962.gif,assets/work-new/like-coffee/motion/02-d304ab198377833.665862f7a7962.gif
like coffee,publish-supporting,like coffee/52f71d198377833.664bb72195a6b.png,assets/work-new/like-coffee/story/03-52f71d198377833.664bb72195a6b.webp
like coffee,publish-supporting,like coffee/13883d198377833.665862f7a8d8f.png,assets/work-new/like-coffee/story/04-13883d198377833.665862f7a8d8f.webp
like coffee,publish-supporting,like coffee/6caa69198377833.665862f7a942b.png,assets/work-new/like-coffee/story/05-6caa69198377833.665862f7a942b.webp
like coffee,publish-supporting,like coffee/e19cf8198377833.664bb72195f20.png,assets/work-new/like-coffee/story/06-e19cf8198377833.664bb72195f20.webp
ark-capital,publish-primary,ark-capital/a98fb4240961191.694a86b06302c.gif,assets/work-new/ark-capital/motion/01-a98fb4240961191.694a86b06302c.gif
ark-capital,publish-supporting,ark-capital/d203a9240961191.694a86b0634c5.png,assets/work-new/ark-capital/story/02-d203a9240961191.694a86b0634c5.webp
ark-capital,publish-supporting,ark-capital/8717a1240961191.694a86b062875.png,assets/work-new/ark-capital/story/03-8717a1240961191.694a86b062875.webp
ark-capital,publish-supporting,ark-capital/93b1f2240961191.694a86b0680a9.png,assets/work-new/ark-capital/story/04-93b1f2240961191.694a86b0680a9.webp
ark-capital,publish-supporting,ark-capital/25f6a4240961191.694a86b064b10.png,assets/work-new/ark-capital/story/05-25f6a4240961191.694a86b064b10.webp
ark-capital,publish-supporting,ark-capital/653853240961191.694a86b066ab5.png,assets/work-new/ark-capital/story/06-653853240961191.694a86b066ab5.webp
